{
  "$jason": {
    "head": {
      "title": "POPHOLST",
      "actions": {
        "$load": {
          "type": "$set",
          "options": {
            "bg": "#9E9E9E"
          },
          "success": {
            "type": "$render"
          }
        }
      },
      "templates": {
        "body": {
          "header": {
            "style": {
              "background": "#C5CAE9",
              "color": "#212121"
            },
            "title": {
              "type": "image",
              "style": {
                "align": "left",
                "left": "20",
                "width": "120",
                "height": "50"
              },
              "url": "https://DinaDurykina.github.io/logo8newa.png"
            },
            "menu": {
              "text": "+7(981)788-13-51",
              "style": {
                "color": "#212121",
                "font": "Roboto",
                "size": "16"
              },
              "action": {
                "type": "$util.toast",
                "options": {
                  "text": " СЕРВИС №1\n ПО СОЗДАНИЮ ПОРТРЕТОВ\n И ПЕЧАТИ НА ХОЛСТЕ!"
                }
              }
            }
          },
          "style": {
            "background": "{{$get.bg}}"
          },
          "layers": [
            {
              "type": "label",
              "text": " Не будь скотиной-\n создай картину! \n Напечатай на холсте \n и повесишь на стене!",
              "style": {
                "background": "rgba(0,0,0,0.0)",
                "color": "#ffffff",
                "padding": "10",
                "left": "10",
                "font": "Roboto",
                "size": "28",
                "bottom": "265"
              }
            },
            {
              "type": "button",
              "text": "ОФОРМИТЬ ЗАКАЗ",
              "style": {
                "background": "#FF4081",
                "color": "#ffffff",
                "width": "310",
                "height": "50",
                "padding": "10",
                "left": "10",
                "font": "Roboto",
                "size": "20",
                "corner_radius": "7",
                "align": "center",
                "bottom": "170"
              },
              "action": {
                "type": "$util.alert",
                "options": {
                  "title": "ЗАКАЗАТЬ ЗВОНОК:",
                  "description": "Представьтесь, \nи мы перезвоним Вам ",
                  "form": [{
                    "name": "username",
                    "placeholder": "Введите имя"
                  }, {
                    "name": "number",
                    "placeholder": "+7"
                  }]
                },
                "success": {
                  "type": "$network.request",
                  "options": {
                    "url": "mailto:dinadurykina@gmail.com?subject=It%20works!",
                    "method": "post",
                    "data": {
                      "username": "{{$jason.username}}",
                      "password": "{{$jason.number}}"
                    }
                  }
                }
              }
            },
            {
              "type": "label",
              "text": "СДЕЛАТЬ ФОТО",
              "style": {
                "background": "#C5CAE9",
                "color": "#212121",
                "width": "310",
                "height": "50",
                "padding": "10",
                "left": "10",
                "font": "Roboto",
                "size": "20",
                "corner_radius": "7",
                "align": "center",
                "bottom": "105"
              },
              "action": {
                "type": "$set",
                "options": {
                  "bg": {
                    "type": "camera"
                  }
                },
                "success": {
                  "type": "$render"
                }
              }
            }
          ],
          "footer": {
            "tabs": {
              "style": {
                "background": "#FAFAFA",
                "color": "#9E9E9E"
              },
              "items": [
                {
                  "image": "https://DinaDurykina.github.io/icons8-vk.com-24.png",
                  "url": "https://DinaDurykina.github.io/7popvk.json"
                },
                {
                  "image": "https://DinaDurykina.github.io/icons8-home-page-24.png",
                  "url": "https://DinaDurykina.github.io/7pophome.json"
                },
                {
                  "image": "https://DinaDurykina.github.io/icons8-marker-24.png",
                  "url": "https://DinaDurykina.github.io/7popmapsite.json"
                }
              ]
            }
          }
        }
      }
    }
  }
}