{
  "$jason": {
    "head": {
      "title": "TemplateNativeSales",
	/*the template is designed for any news, text, event pages and websites*/
      "actions": {
        "$load":    { "type": "$render" },
        "navigate": {"type": "$default" }
      },
      "templates": {
        "body": {
	    "header": {		
			"title": {
			"type": "image", /*I put the button on which the toolbar for the mobile reporter is called: the camera reads and substitutes gps, 
					microphone, send to the e-mail address of the site recorded report, which is simultaneously published in the 
					starting social network on the phone*/
				"style": {
					"align": "left",
					"left": "20",
					"width": "12",
					"height": "12"
							},
			"url": "https://DinaDurykina.github.io/squared-menu.png"},
			"style": {"background": "#A9A9A9"},/*painting the whole top bar.*/
			"menu": {
				"text": "Choose",
				"style": {
					"color": "#0000ff",
					"font": "HelveticaNeue-Bold",
					"size": "12"
							},
				"action": {
					"type": "$util.toast",
					"options": {
						"text": "Good job!" 
								}
							}
					}
				},
        	"background": {
				"type": "html",
				"url": "http://www.brazuka.ru/",
				"action": { "trigger": "navigate" }
					},
	
		"footer": {
				"tabs": {
					"style": {
						"background": "#A9A9A9"	},
						"items": [{
							"image": "https://DinaDurykina.github.io/icons8-shopping-bag-24.png",
							"text": "Cart",
       						 "style": {
         					 "height": "12"
								},
							"url":"https://DinaDurykina.github.io/bagteh.json"
								}, {
							"image": "https://DinaDurykina.github.io/icons8-buy-24.png",
							"text": "Pay",
       						 "style": {
         					 "height": "12"
								},
							"url":"https://DinaDurykina.github.io/buyteh.json"
								}, {
							"image": "https://DinaDurykina.github.io/icons8-truck-24.png",
							"text": "Delivery",
       						 "style": {
         					 "height": "12"
        					},
							"url":"https://DinaDurykina.github.io/truckteh.json"
								}]
						}
					}
	    }
      }  
    }   
  }  
}  
