{
  "$jason": {
    "head": {
      "title": "TemplateReactiveNews",
	/*the template is designed for any news, text, event pages and websites*/
      "actions": {
        "$load":    { "type": "$render" },
        "navigate": {"type": "$default" }
      },
      "templates": {
        "body": {
	      	"background": {
            "type": "html",
            "url": "http://www.brazuka.ru/",
            "action": { "trigger": "navigate" }
				},
	
			"footer": {
				"tabs": {
					"style": {
						"background": "#A9A9A9"	},
						"items": [{
							"image": "https://DinaDurykina.github.io/copy-2.png",
							"text": "Note",
       						 	"style": {
         					 	"height": "21"
								},
							"url":"https://DinaDurykina.github.io/copy2teh.json"
								},
							/*this button takes a copy of the screen and places it in the gallery and in the notes, 
							places it in the notes together with a link to the page of the site. Lights ie that such a 
							screen is placed there.*/
								 {
							"image": "https://DinaDurykina.github.io/translation.png",
							"text": "Translate",
       						 	"style": {
         					 	"height": "21"
								},
							"url":"https://DinaDurykina.github.io/translate.json"
								},
							/*this button  when pressed translates the contents of the screen to the language 
							set by the main on the phone and writes to the toast that translates to such a language.*/
							 {
							"image": "https://DinaDurykina.github.io/comments.png",
							"text": "Comment",
       						 	"style": {
         					 	"height": "21"
        							},
							"url":"https://DinaDurykina.github.io/commentteh.json"
								}]
							/*this button sends the user directly to the comments to the article, news or website*/
						}
					}
				}
		}  
    }   
  }   
}
