{
"Logo": "https://DinaDurykina.github.io/app4webline.png",      
"Reclama": "false",
"AdMob_BANNER": "true",
"ID_APP": "ca-app-pub-4136371087370112~6171379650",
"id_BANNER0": "ca-app-pub-4136371087370112/2298996526",
"MyBANNER": "HTTP",
"OtherReclama": "true",
"http_setting": "https://DinaDurykina.github.io/web4app_setting.json",
"http_gorizont": "https://DinaDurykina.github.io/web4app_gorizont3.json",
"http_vertical": "https://DinaDurykina.github.io/web4app_vertical.json", 
  "Template": [
"https://DinaDurykina.github.io/#jason.json",
"https://DinaDurykina.github.io/TPL01RN.json",
"https://DinaDurykina.github.io/TPL01RNS.json",
"https://DinaDurykina.github.io/TPL011NNS.json",
"https://DinaDurykina.github.io/TPL011NN.json",
"https://DinaDurykina.github.io/TPL011NNFAB.json",
"https://DinaDurykina.github.io/TPL011NNFABS.json"
],
"NoIcon": "https://DinaDurykina.github.io/icons8-глобус-24.png",
"Toast": "false",
"Snekbar": "true",
"Push": "true"
}

