[
  { "http":  "https://DinaDurykina.github.io/br_start.json",
    "icon":  "https://DinaDurykina.github.io/brazuka.png",
    "head":  "ZUK",
    "name": "Brazuka"
  },
  { "http":  "https://DinaDurykina.github.io/popstart.json",
    "icon":  "https://DinaDurykina.github.io/ph.png",
    "head":  "Print",
    "name": "Foto"
  },
  { "http":  "https://DinaDurykina.github.io/kosmo.json",
    "icon":  "https://DinaDurykina.github.io/kosmo.png",
    "head":  "Детсад",
    "name":  "kosmo"
  },
  { "http":  "https://DinaDurykina.github.io/tl.json",
    "icon":  "https://DinaDurykina.github.io/tl.png",
    "head":  "Талантия",
    "name": "tl"
  },
  { "http":  "https://DinaDurykina.github.io/calc_Platform_NoImage.json",
    "icon":  "https://DinaDurykina.github.io/app4webline.png",
    "head":  "CalcAPP",
    "name": "Calc"
  },
  { "http":  "https://DinaDurykina.github.io/test.json",
    "icon":  "https://DinaDurykina.github.io/icons8-test-passed-24.png",
    "head":  "Test",
    "name":  "Test"
  },
  { "http":  "https://DinaDurykina.github.io/br_start.json",
    "icon":  "https://DinaDurykina.github.io/brazuka.png",
    "head":  "ZUK",
    "name": "Brazuka"
  },
  { "http":  "https://DinaDurykina.github.io/tl.json",
    "icon":  "https://DinaDurykina.github.io/tl.png",
    "head":  "Талантия",
    "name":  "tl"
  }
]
